{
    "showImmediately": 1,
    "showOffscreenGuidance": 1,
    "imuRelayCtrlWhenTrackLost": 0,
    "userInteraction": {
        "disableAll": 0,
        "disablePinch": 0,
        "disableClick": 0,
        "disableLongPress": 0,
        "disableSingleFingerScroll": 0,
        "disableTwoFingerScroll": 0,
        "disableDoubleClick": 1,
        "enableTouchZone": 0
    },
    "cameraDefaultLookAt": {
        "eyePos": "0, 0, 1536",
        "centerPos": "0, 0, 0",
        "upDirection": "0, 1, 0"
    },
    "nodeList": [
        {
            "name": "mainCamera",
            "type": "camera",
            "visible": "1",
            "position": "0,0,0",
            "scale": "1,1,1",
            "rotation": "0,0,0",
            "children": [],
            "cameraNodeSuppl": {
                "fov": 60,
                "zNear": 10,
                "zFar": 5000
            },
            "resId": "10"
        },
        {
            "name": "heitongzi",
            "type": "gltf",
            "visible": 0,
            "touchable": 1,
            "meshFileName": "res\/gltf\/10025413\/heitongzi.gltf",
            "transparentObject": 0,
            "position": "0,0,0",
            "scale": "300,300,300",
            "rotation": "90,180,0",
            "material": {
                "common": {
                    "offsetRepeat": "0,0,1,1"
                }
            },
            "shadow": {
                "allDropShadow": 0,
                "shadowDroppingSubNodeList": [],
                "allReceiveShadow": 0,
                "shadowReceivingSubNodeList": []
            },
            "podSuppl": {
                "allSubnodeTouchable": 1
            },
            "children": [],
            "resId": "10025413",
            "batchNum": 0
        }
    ]
}