{"type":"gltf","res_id":"","components":[{"c_type":"base","properties":{"name":"","visible":"1","touchable":"1","batchNum":"0"}},{"c_type":"transform","properties":{"position":"0,0,0","rotation":"0,0,0","scale":"1,1,1"}},{"c_type":"gltf","properties":{"meshFileName":"heitongzi.gltf","flipTexture":"0","transparentObject":"0"}},{"c_type":"hotZone","properties":{"active":"0","touchZone":"120","minScale":"0.1","maxScale":"10"}},{"c_type":"ibl","properties":{"isIbl":"0","iblTexturelist":"panorama","intensity":"3.0","preview":"http://ar-fm.cdn.bcebos.com/upload/content-document/20180905/26166b041fd5793842f6a9e3e399dbb1_panorama.jpg"}},{"c_type":"shadowObj","properties":{"recieveShadow":"0","isFloor":"0"}}],"children":[]}